word,number,pos,meaning
affect,100,v,influence
affect,200,v,pretend
affect,300,n,emotion
alight,100,v,descend
alight,200,a,shining
ally,100,"n,v",friend
ally,200,n,marble
ancient,100,"a,n",old
ancient,200,n,standard
angle,100,"n,v",intersection
angle,200,"v,n",fish
angle,500,n,German
arch,100,"n,v",curve
arch,200,a,playful
arm,100,n,limb
arm,200,v,equip
art,100,n,work
art,200,v,be
ash,100,n,residue
ash,200,n,tree
ball,100,"n,v",sphere
ball,200,n,gathering
ban,100,"v,n",prohibition
ban,200,n,currency
band,100,"n,v",ring
band,200,"n,v",group
bang,100,"n,v,r",noise
bang,500,n,narcotic
bank,100,"n,v",ridge
bank,200,"n,v",repository
bar,100,"n,v",counter
bar,400,n,unit
bark,100,"n,v",yelp
bark,200,"n,v",rind
bark,500,n,vessel
barrack,100,v,shelter
barrack,200,v,encourage
base,100,"n,v",support
base,200,a,inferior
bass,100,n,sound
bass,200,n,fish
bass,300,n,tissue
bat,100,"n,v",club
bat,200,n,mammal
bat,300,v,flutter
bath,100,"n,v",pool
bath,200,n,unit
batter,100,v,hit
batter,200,n,mixture
batter,300,n,player
batter,400,"n,v",slope
bay,100,n,land
bay,200,n,berry
bay,300,n,compartment
bay,400,"a,n",spotted
bay,500,"v,n",shout
bear,100,v,carry
bear,200,n,mammal
bell,100,"n,v",alarm
bell,200,"n,v",cry
bend,100,"v,n",curl
bend,200,n,stripe
bent,100,"v,a,n",curl
bent,400,n,grass
bill,100,"n,v",document
bill,200,"n,v",beak
bill,500,n,weapon
bill,600,n,police
bit,100,n,piece
bit,200,v,bitten
bit,300,"n,v",mouthiece
bit,400,n,digit
blaze,100,"n,v",fire
blaze,200,"n,v",mark
blaze,500,v,announce
bleak,100,a,bare
bleak,200,n,fish
bloom,100,"n,v",flower
bloom,200,"n,v",metal
blow,100,"v,n",breathe
blow,200,n,attack
blow,300,"v,n",bloom
blue,100,"a,n,v",color
blue,400,v,spend
bluff,100,"n,v",deception
bluff,200,a,direct
bluff,300,"n,a",cliff
boil,100,"v,n",heat
boil,200,n,skin
bolt,100,"n,v",weapon
bolt,200,v,run
bolt,300,n,fabric
bolt,400,v,sift
boom,100,"n,v",sound
boom,200,"n,v",period
boom,500,n,beam
boot,100,"n,v",footwear
boot,200,n,additionally
bore,100,"v,n",hollow
bore,200,"n,v",nuisance
bore,500,n,wave
bore,600,v,carry
boss,100,"n,v,a",person
boss,400,n,stud
boss,500,n,cow
bound,100,"v,n",run
bound,200,"n,v",border
bound,400,"v,a",obligated
bound,500,a,ready
bourbon,0,n,whisky
bourbon,200,n,biscuit
bow,100,"n,v",weapon
bow,200,"v,n",bend
bow,500,n,prow
bower,100,"n,v",place
bower,200,n,anchor
bowl,100,n,dish
bowl,200,"n,v",ball
box,100,"n,v",container
box,200,"v,n",strike
box,500,n,plant
box,600,v,turnaround
brake,100,"n,v",device
brake,200,n,carriage
brake,300,n,machine
brake,400,n,thicket
brake,500,n,plant
brake,600,v,fracture
break,100,"v,n",fracture
break,200,n,framework
breeze,100,"n,v",wind
breeze,200,n,mixture
bridge,100,"n,v",structure
bridge,200,n,game
brook,100,n,stream
brook,200,v,tolerate
brush,100,"n,v",tool
brush,200,n,trees
buck,100,"n,v,a",male
buck,400,n,dollar
buck,500,n,reminder
bud,100,"n,v",growth
bud,200,n,friend
buff,100,"n,v,a",colour
buff,400,n,person
buffer,100,"n,v",barrier
buffer,200,n,man
buffet,100,n,meal
buffet,200,"v,n",strike
buffet,300,n,stool
bugle,100,"n,v",instrument
bugle,200,n,plant
bugle,300,n,bead
bull,100,"n,v",animal
bull,200,n,document
bull,300,n,nonsense
bully,100,"n,v",person
bully,200,a,good
bully,300,n,beef
bully,400,"n,v",start
bunk,100,"n,v",bed
bunk,200,n,nonsense
bunk,300,v,leave
bunt,100,"v,n",push
bunt,200,n,net
bunt,300,n,disease
burn,100,"v,n",blaze
burn,200,n,stream
bush,100,"n,v",shrub
bush,200,n,metal
bustle,100,"v,n",scurry
bustle,200,n,frame
butt,100,"v,n",hit
butt,200,n,person
butt,300,"n,v",part
butt,600,n,cask
calf,100,n,young
calf,200,n,shin
can,100,v,allowed
can,200,"n,v",container
canon,0,n,gorge
canon,100,n,law
canon,200,n,clergyman
cant,100,"n,v",hypocrisy
cant,200,"v,n",tilt
cap,100,"n,v",hat
cap,200,n,capitalization
cape,100,"n,v",cloak
cape,200,n,headland
capital,100,"n,a",city
capital,400,n,pillar
card,100,"n,v",paper
card,200,"v,n",clean
case,100,n,instance
case,200,"n,v",container
cast,100,"v,n",throw
cast,200,"n,v",actors
cat,100,"n,v",mammal
cat,200,n,device
cat,300,n,boat
chap,100,"v,n",crack
chap,200,n,gentleman
chap,300,n,jaw
chase,100,"v,n",pursue
chase,200,v,engrave
chase,300,n,box
chase,400,n,groove
chat,100,"v,n",talk
chat,200,n,songbird
check,100,"v,n",examine
check,200,"n,a",pattern
cheese,100,n,food
cheese,200,n,celebrity
cheese,300,v,frustrate
chop,100,"v,n",cut
chop,200,v,change
chop,300,n,trademark
chord,100,"n,v",harmony
chord,200,n,line
chuck,100,"v,n",throw
chuck,200,"v,n",touch
chuck,500,n,device
chuck,600,n,food
chuck,700,n,title
chuck,800,n,marmot
clap,100,"v,n",applaud
clap,200,n,disease
clip,100,"n,v",fastener
clip,200,"v,n",cut
close,100,"a,r,n",near
close,200,"v,n",shut
club,100,"n,v",association
club,200,"n,v",weapon
clutch,100,"v,n,a",grasp
clutch,400,n,group
collect,100,"v,r,a,n",accumulate
collect,500,n,prayer
colon,0,n,currency
colon,100,n,punctuation
colon,200,n,intestine
commune,100,n,group
commune,200,v,share
compact,100,"a,v,n",tight
compact,200,"n,v",agreement
companion,100,"n,v",friend
companion,200,n,covering
compound,100,"n,a,v",mixture
compound,400,n,enclosure
con,100,"v,n",trick
con,200,n,disadvantage
con,300,n,criminal
con,400,v,study
con,500,n,conference
con,600,"v,n",steer
content,100,"a,v,n",satisfaction
content,400,n,load
converse,100,"v,n",talk
converse,200,"n,a",opposite
cope,100,v,manage
cope,200,"n,v",cloak
copper,100,"n,v",metal
copper,200,n,police
corn,100,n,crop
corn,200,n,swelling
corporal,100,n,rank
corporal,200,a,bodily
corporal,300,n,cloth
count,100,"v,n",tally
count,200,n,nobleman
counter,100,n,worktop
counter,200,"v,n,r,a",opposite
counter,600,n,shoe
cove,100,"n,v",recess
cove,200,n,man
cow,100,n,animal
cow,200,v,intimidate
crane,100,"n,v",machine
crane,200,n,bird
crash,100,"v,n,a,r",collide
crash,500,n,linen
cricket,100,n,insect
cricket,200,n,sport
cricket,300,n,stool
cuff,100,"n,v",glove
cuff,200,"v,n",strike
dam,100,"n,v",barrier
dam,200,n,mother
date,100,"n,v",day
date,200,n,fruit
deal,100,"v,n",distribute
deal,200,n,plank
dean,100,n,leader
dean,200,n,valley
defer,100,v,postpone
defer,200,v,submit
desert,100,v,abandon
desert,200,"n,a",wasteland
die,100,v,perish
die,200,n,dice
diet,100,"n,v",food
diet,200,n,assembly
divine,100,"a,n",sacred
divine,200,v,predict
do,100,"v,n",accomplish
do,400,n,note
dock,100,"n,v",platform
dock,200,"v,n",deduct
dock,500,n,enclosure
dock,600,n,weed
don,100,n,title
don,200,v,equip
dot,100,"n,v",mark
dot,200,n,dowry
down,100,"r,a,v,n",lower
down,600,n,insulation
down,700,n,hill
drab,100,"a,n",dull
drab,200,n,prostitute
drill,100,"n,v",tool
drill,200,"n,v",machine
drill,500,n,baboon
drill,600,n,fabric
duck,100,n,bird
duck,200,"v,n",avoid
duck,300,n,dear
duck,400,n,fabric
duck,500,n,nought
dun,100,"a,n",color
dun,200,"v,n",demand
dun,500,n,settlement
ear,100,n,organ
ear,200,n,head
earnest,100,a,diligent
earnest,200,n,promise
egg,100,n,embryo
egg,200,v,encourage
elder,100,"a,n",older
elder,200,n,tree
entrance,100,n,opening
entrance,200,v,captivate
even,100,"a,v,r",equal
even,400,n,evening
fair,100,"a,r,n,v",equal
fair,500,n,gathering
fair,600,v,beautify
fan,100,"n,v",device
fan,200,n,admirer
fast,100,"a,r",quick
fast,200,"v,n",abstain
fawn,100,"n,v",deer
fawn,200,v,affection
feint,100,"n,v",pretense
feint,200,a,faded
file,0,n,powder
file,100,"n,v",collection
file,200,"n,v",row
file,300,"n,v",tool
fine,100,"a,n,r,v",high-grade
fine,200,"n,v",penalty
fine,700,n,alcohol
fine,800,n,end
firm,100,"a,v,r",solid
firm,400,n,business
fish,100,"n,v",animal
fish,200,"n,v",plate
fit,100,"a,v,n",suitable
fit,200,"n,v",seizure
fit,600,n,poetry
flag,100,"n,v",cloth
flag,200,n,stone
flag,300,n,iris
flag,400,v,tire
flat,100,"a,r,n,v",even
flat,200,"n,v",residence
flaw,100,"n,v",blemish
flaw,200,n,wind
fleet,100,n,group
fleet,200,a,quick
fleet,300,n,creek
fleet,400,v,pass
fleet,500,"a,r",shallow
flex,100,v,bend
flex,200,n,cable
flip,100,"v,n,a",turn
flip,500,n,beer
flock,100,"n,v",group
flock,200,n,material
flounder,100,v,struggle
flounder,200,n,flatfish
flush,100,"v,n",glow
flush,200,"a,v,r",smooth
flush,600,n,cards
flush,700,n,ground
fly,100,"v,n",movement
fly,200,n,insect
fly,300,a,fashionable
fog,100,"n,v",cloud
fog,200,n,grass
foil,100,"v,n",prevent
foil,200,n,metal
foil,300,n,sword
foil,400,n,speedboat
fold,100,"v,n",bend
fold,200,"n,v",enclosure
fool,100,"n,v,a",clown
fool,400,n,dessert
former,100,a,previously
former,200,n,one that forms
forte,100,n,strength
forte,200,"r,a,n",loud
found,100,"v,a",discovered
found,200,v,establish
found,300,v,fuse
founder,100,n,manufacturer
founder,200,n,originator
founder,300,"v,n",collapse
founder,400,v,chill
frank,100,a,honest
frank,200,"v,n",stamp
frank,300,n,sausage
frank,500,n,person
fret,100,"v,n",anxious
fret,200,"n,v",design
fret,300,"n,v",ridges
fret,700,n,mist
frieze,100,n,decoration
frieze,200,n,cloth
frog,100,n,amphibian
frog,200,n,fastener
frog,300,n,bulge
fuse,100,"v,n",join
fuse,200,"n,v",detonator
fuzz,100,"n,v",hair
fuzz,200,n,police
gage,100,"n,v",guarantee
gage,200,"n,v",measuring instrument
gage,500,n,plum
game,100,"n,a,v",activity
game,400,a,injured
gate,100,"n,v",barrier
gate,200,n,street
gaudy,100,a,flashy
gaudy,200,n,dinner
gig,100,n,vehicle
gig,200,n,performance
gig,300,n,harpoon
gild,100,v,embellish
gild,200,n,association
gilt,100,"a,n",embellished
gilt,200,n,sow
gird,100,v,encircle
gird,200,"v,n",jest
gram,100,n,unit
gram,200,n,grains
gram,300,n,grandmother
grate,100,v,shred
grate,200,n,frame
grave,100,n,hole
grave,200,"a,n",serious
grave,300,v,inscription
grave,400,v,clean
grave,500,"r,a",slowly
greet,100,v,welcome
greet,200,v,weep
gum,100,"n,v",secretion
gum,200,"n,v",flesh
gum,500,n,exclamation
guy,100,"n,v",man
guy,200,"n,v",rope
hack,100,"v,n",cut
hack,200,"n,v",horse
hack,500,n,board
hail,100,"n,v",ice
hail,200,"v,n",call
halt,100,"v,n",stop
halt,200,"a,v",lame
hamper,100,n,basket
hamper,200,"v,n",hinder
hatch,100,n,door
hatch,200,"v,n",birth
hatch,300,v,inlay
hawk,100,"n,v",bird
hawk,200,v,advertise
hawk,300,v,cough
hawk,400,n,board
haze,100,"n,v",fog
haze,200,v,harassment
heel,100,"n,v",foot
heel,200,"v,n",lean
heel,600,v,hide
helm,100,"n,v",wheel
helm,200,n,headgear
hero,0,n,protagonist
hero,200,n,priestress
hide,100,"v,n",conceal
hide,200,n,skin
hide,300,n,land
hip,100,n,pelvis
hip,200,n,fruit
hip,300,a,fashionable
hip,500,n,information
hobby,100,n,activity
hobby,200,n,falcon
hold,100,"v,n",carry
hold,200,n,compartment
hop,100,"v,n",jump
hop,200,"n,v",plant
hopper,100,n,container
hopper,200,n,farmer
host,100,"n,v",person
host,200,n,army
host,300,n,bread
husky,100,a,hoarse
husky,200,n,dog
impress,100,"v,n",influence
impress,200,v,force
incense,100,"n,v",substance
incense,200,v,inflame
inch,100,"n,v",unit
inch,200,n,island
invalid,100,"n,v",disabled
invalid,200,a,irrational
jade,100,n,stone
jade,200,n,woman
jam,100,"v,n",pack
jam,200,"n,v",substance
jar,100,n,cylinder
jar,200,"v,n",shock
jar,300,n,open
jerk,100,"n,v",spasm
jerk,200,"v,n",flesh
jet,100,"n,v",stream
jet,200,n,mineral
job,100,"n,v",employment
job,200,"v,n",stab
junk,100,"n,v",trash
junk,200,n,vessel
keen,100,a,eager
keen,200,"v,n",wail
key,100,"n,a,v",implement
key,400,n,island
kid,100,"n,v",child
kid,200,v,silly
kid,300,n,tub
kind,100,n,similar
kind,200,a,friendly
kit,100,"n,v",provisions
kit,200,n,young
kit,300,n,violin
kit,400,n,flock
knoll,100,n,hill
knoll,200,"v,n",sound
knot,100,"n,v",fastening
knot,200,n,sandpiper
lag,100,"v,n",delay
lag,200,v,cover
lag,300,"n,v",criminal
lake,100,n,pool
lake,200,n,pigment
lap,100,n,cloth
lap,200,"n,v",fold
lap,300,"v,n",waves
last,100,"a,r,n",lowest
last,400,v,continue
last,500,n,shoemaking
launch,100,"v,n",initiate
launch,200,n,motorboat
lawn,100,n,garden
lawn,200,n,fabric
lax,100,a,relaxed
lax,200,n,sport
lay,100,"v,n",position
lay,200,a,non-professional
lay,300,n,song
lay,400,v,dishonesty
lead,100,"v,n",direct
lead,200,n,metal
leading,100,"a,n",important
leading,200,n,blank space
league,100,"n,v",collection
league,200,n,unit
lean,100,"v,n",incline
lean,200,"a,n",thin
leave,100,"v,n",depart
leave,200,n,permission
leave,300,v,grow
let,100,"v,n",allow
let,200,"n,v",circumstance
lie,100,"v,n",recline
lie,200,"n,v",dishonesty
light,100,"n,v,a",illumination
light,400,a,skinny
light,500,v,lessen
limb,100,n,arm
limb,200,n,border
limp,100,"v,n",walk
limp,200,a,weak
line,100,"n,v",row
line,200,v,cover
liner,100,n,ship
liner,200,n,inner coating
link,100,"n,v",relationship
link,200,n,torch
list,100,"n,v",record
list,200,"v,n",incline
list,300,"v,n",want
live,100,v,survive
live,200,"a,r",performance
loaf,100,n,bread
loaf,200,v,laze
lock,100,"n,v",fastener
lock,200,n,hair
log,100,"n,v",tree
log,200,n,logarithm
long,100,"a,n,r",distance
long,400,v,desire
loom,100,n,apparatus
loom,200,"v,n",threaten
loon,100,n,fool
loon,200,n,bird
loon,300,v,dawdle
lore,100,n,tradition
lore,200,n,surface
low,100,"a,n,r",inferior
low,200,"v,n",deep
lower,100,"r,a,r",
lower,300,"v,n",scowl
lower,400,v,descend
lumber,100,v,shuffle
lumber,200,"n,v",timber
lumber,300,"v,n",converse
lump,100,"n,v",pile
lump,200,v,accept
lunge,100,"n,v",thrust
lunge,200,"n,v",rein
lunge,500,n,fish
lurch,100,"v,n",jerk
lurch,200,n,abandon
lush,100,a,abundant
lush,200,"n,v",alcoholic
lustre,100,n,sheen
lustre,200,n,time period
mail,100,"n,v",items
mail,200,"n,v",armour
main,100,"a,n",central
main,200,n,number
mamma,100,n,mother
mamma,200,n,breast
march,100,"v,n",walk
march,200,"n,v",land
march,500,n,month
mark,100,"n,v",blemish
mark,200,n,currency
maroon,100,"a,n",color
maroon,200,v,abandon
maroon,400,n,member
mast,100,n,post
mast,200,n,fruit
mast,300,v,brew
mat,100,"n,v",material
mat,200,n,mould
mat,300,a,dull
match,100,"n,v",companion
match,200,n,wick
mate,0,n,infusion
mate,100,"n,v",partner
mate,200,"n,v",checkmate
may,100,v,ask
may,200,n,plant
may,300,n,month
meal,100,n,occasion
meal,200,n,powder
mean,100,v,signify
mean,200,a,unkind
mean,300,"n,a",average
meet,100,"v,n",convene
meet,200,a,proper
mere,100,a,pure
mere,200,n,lake
mere,300,n,club
meter,100,n,unit
meter,200,"n,v",device
meter,300,n,unit
might,100,v,ask
might,200,n,power
minute,100,n,time
minute,200,a,small
minute,300,"n,v",memorandum
miss,100,"v,n",fail
miss,200,n,title
miss,300,n,miscarriage
mood,100,n,atmosphere
mood,200,n,category
mortar,100,"n,v",gun
mortar,200,"n,v",mixture
mould,100,"n,v",container
mould,200,n,fungi
mould,300,n,soil
mound,100,"n,v",hill
mound,200,n,regalia
mount,100,"v,n",climb
mount,200,n,mountain
mum,100,n,mother
mum,200,a,silent
mum,300,n,chrysanthemum
mum,400,v,perform
muse,100,n,inspiration
muse,200,"v,n",meditate
mystery,100,n,secret
mystery,200,n,skill
neat,100,a,tidy
neat,200,n,cattle
net,100,"n,v",material
net,200,"a,v",remaining
nip,100,"v,n",bite
nip,200,"n,v",amount
nip,500,n,slur
ounce,100,n,unit
ounce,200,n,leopard
pack,100,"n,v",container
pack,200,v,cram
pad,100,"n,v",material
pad,200,"v,n",walk
paddle,100,"n,v",pole
paddle,200,"v,n",wade
page,100,"n,v",sheet
page,200,"n,v",boy
pale,100,"a,v",blanched
pale,200,n,stake
palm,100,n,tree
palm,200,"n,v",hand
panic,100,"n,v",fear
panic,200,n,grass
pap,100,"n,a",food
pap,200,n,breast
pap,300,"n,v",paparazzi
party,100,"n,v",gathering
party,200,a,divided
pass,100,"v,n",change
pass,200,n,route
pasty,100,n,pastry
pasty,200,a,pale
patter,100,"v,n",run
patter,200,"n,v",speech
pay,100,"v,n",compensate
pay,200,v,seal
peak,100,"n,v,a",point
peak,400,v,decline
peck,100,"v,n",strike
peck,200,n,measure
peck,300,v,stumble
peer,100,v,scan
peer,200,"n,v",associate
pen,100,"n,v",writing instrument
pen,200,"n,v",enclosure
pen,500,n,swan
pen,600,n,prison
perch,100,"n,v",branch
perch,200,n,fish
perch,300,n,measure
pet,100,"n,v",treasure
pet,200,n,tantrum
phoenix,0,n,bird
phoenix,200,n,constellation
phone,100,"n,v",telephone
phone,200,n,sound
pick,100,"v,n",choose
pick,200,n,tool
pigeon,100,n,bird
pigeon,200,n,simplified language
pike,100,n,fish
pike,200,"n,v",weapon
pike,300,n,road
pike,400,n,position
pike,500,v,withdraw
pile,100,"n,v",heap
pile,200,"n,v",stake
pile,500,n,fibres
pine,100,n,tree
pine,200,v,suffer
pink,100,"a,n,v",color
pink,400,n,plant
pink,500,v,scratch
pink,600,n,ship
pink,700,v,rumble
pink,800,n,pigment
pitch,100,"n,v",degree
pitch,200,"n,v",substance
pitcher,100,n,pottery
pitcher,200,n,player
plane,100,"n,a,v",surface
plane,200,"n,v",aeroplane
plane,300,"n,v",tool
plane,800,n,tree
plight,100,n,situation
plight,200,v,pledge
plump,100,"a,v",chubby
plump,200,"v,n,r",sit
plump,600,n,flock
pole,100,"n,v",support
pole,200,n,location
pole,300,n,position
pole,500,n,inhabitant
policy,100,n,principle
policy,200,n,contract
pool,100,"n,v",basin
pool,200,"n,v",supply
pop,100,"v,n,r",explode
pop,200,"a,n",favored
pop,600,n,father
pop,700,n,popsicle
pope,100,n,bishop of Rome
pope,200,n,Orthodox priest
pore,100,n,opening
pore,200,v,ponder
port,100,n,harbour
port,200,n,wine
port,300,"n,v",direction
port,400,n,socket
port,500,"v,n",transfer
port,800,n,suitcase
portal,100,n,entrance
portal,200,a,open
porter,100,n,carrier
porter,200,n,doorman
pose,100,"v,n",suggest
pose,200,v,confuse
post,100,"n,v",framework
post,200,"n,v,r",mail service
post,300,"n,v",employment
pot,100,"n,v",pottery
pot,200,n,cannabis
pot,300,"n,v",shot
pot,600,n,instrument
potent,100,a,powerful
potent,200,"a,n",crutch-shaped
pound,100,n,unit
pound,200,v,strike
pound,300,"n,v",enclosure
press,100,"v,n",push
press,200,"v,n",force
primate,100,n,chief bishop
primate,200,n,mammal
prime,100,"a,n",main
prime,200,v,prepare
prior,100,"a,n",before
prior,200,n,man
prize,100,"n,a,v",reward
prize,400,v,pull
pro,100,"n,a",professional
pro,200,"n,r",adavantage
pry,100,v,enquire
pry,200,v,pull
pulse,100,"n,v",throbbing
pulse,200,n,seed
pump,100,"n,v",mechanism
pump,200,n,shoe
pupil,100,n,student
pupil,200,n,eye
quack,100,"n,v",sound
quack,200,n,person
quarrel,100,"n,v",argument
quarrel,200,n,arrow
quit,100,"v,a",depart
quit,200,n,bird
quiz,100,"n,v",test
quiz,200,"v,n",scan
race,100,"n,v",competition
race,200,n,division
race,300,n,root
rack,100,"n,v",framework
rack,200,"n,v",gait
rack,500,"n,v",joint
rack,600,v,siphon
racket,100,n,sport bat
racket,200,"n,v",noise
rag,100,"n,v",cloth
rag,200,"v,n",tease
rag,500,n,rock
rag,600,n,music
rag,700,n,musical mode
rail,100,"n,v",fence
rail,200,v,complain
rail,300,n,bird
rake,100,"n,v",implement
rake,200,n,playboy
rake,300,"v,n",incline
rake,600,n,railways
rake,700,n,herd
rally,100,"v,n",assemble
rally,200,v,tease
rank,100,"n,v",position
rank,200,a,abundant
rape,100,"n,v",assult
rape,200,n,cabbage
rape,300,n,stalks
rape,400,n,division
rare,100,a,infrequent
rare,200,a,halk-cooked
rate,100,"n,v",quantity
rate,200,v,scold
rate,300,v,soak
ray,100,"n,v",glimmer
ray,200,n,fish
ray,300,n,note
real,100,"a,r",true
real,200,n,money
rear,100,"n,a",hindmost
rear,200,v,nurture
refrain,100,v,restrain
refrain,200,n,repeat
rejoin,100,v,return
rejoin,200,v,reply
rent,100,"n,v",payment
rent,200,n,split
rent,300,v,break
repair,100,"v,n",restore
repair,200,"v,n",go to
rest,100,"v,n",relax
rest,200,"n,v",remaining
reveal,100,"v,n",divulge
reveal,200,n,hole
rifle,100,"n,v",gun
rifle,200,v,search
rig,100,"v,n",equip
rig,200,"v,n",manipulate
ring,100,"n,v",circle
ring,200,"v,n",chime
rip,100,"v,n",tear
rip,200,"n,v",flowing water
rip,300,n,person
rock,100,n,mineral
rock,200,"v,n",sway
root,100,"n,v",source
root,200,"v,n",search
rose,0,n,wine
rose,100,"n,v",plant
rose,200,v,risen
row,100,n,line
row,200,"v,n",paddle
row,300,"n,v",disagreement
rush,100,"v,n",hurry
rush,200,n,plant
rut,100,n,tracks
rut,200,"n,v",period
sable,100,n,marten
sable,200,"a,n",black
sack,100,"n,v",bag
sack,200,"v,n",plunder
sack,500,n,wine
sage,100,n,plant
sage,200,"n,a",wise man
sake,100,n,purpose
sake,200,n,alcohol
sallow,100,a,yellowish
sallow,200,n,tree
sash,100,n,strip
sash,200,n,frame
scale,100,"n,v",plates
scale,200,"n,v",weighing machine
scale,300,"n,v",range
scarf,100,n,fabric
scarf,200,"v,n",join
scarf,300,v,devour
school,100,"n,v,a",institution
school,200,"n,v",fishes
scour,100,"v,n",clean
scour,200,v,search
scout,100,"n,v",vessel
scout,200,v,reject
scrap,100,"n,v",remnants
scrap,200,"n,v",fight
scrub,100,"v,n",remove
scrub,200,n,vegetation
seal,100,"n,v",cork
seal,200,"n,v",mammal
seal,500,n,soldier
second,200,n,time
second,300,v,transfer
see,100,v,percieve
see,200,n,place
send,100,v,transmit
send,200,"n,v",surge
set,100,v,position
set,200,"n,v",collection
set,300,a,hardened
settle,100,v,resolve
settle,200,n,bench
sewer,100,n,drain
sewer,200,n,one that sews
shanty,100,n,shack
shanty,200,n,song
share,100,"n,v",portion
share,200,n,blade
shed,100,"n,v",structure
shed,200,v,discard
sheer,100,"a,r,n",thin
sheer,200,"v,n",swerve
sheer,600,n,slope
sheet,100,"n,v",fabric
sheet,200,"n,v",rope
shelf,100,n,ledge
shelf,200,"n,v",informer
shiver,100,"v,n",shake
shiver,200,"n,v",fragment
shock,100,"n,v",suprise
shock,200,"n,v",grain
shock,500,n,hair
shore,100,n,beach
shore,200,"n,v",support
shore,300,v,shave
shrub,100,n,plant
shrub,200,n,drink
sick,100,"a,n,v",ill
sick,400,v,pursue
sink,100,v,capsize
sink,200,n,basin
size,100,"n,v,a",dimensions
size,200,"n,v",solution
skip,100,"v,n",prance
skip,200,n,container
skip,300,"n,v",captain
slack,100,"a,n,v",loose
slack,400,n,coal
slip,100,"v,n",slide
slip,200,n,paperp
slip,300,n,mixture
slop,100,"v,n",spill
slop,200,n,clothing
slot,100,"n,v",slit
slot,200,n,deer tracks
slug,100,"n,v",invertebrate
slug,200,"v,n",strike
smack,100,"n,v,r",slap
smack,200,"v,n",flavour
smack,600,n,boat
smack,700,n,heroin
sod,100,"n,v",surface
sod,200,"n,v",scoundrel
soil,100,n,ground
soil,200,"v,n",dirty
soil,300,v,feed
sole,100,"n,v",undersurface
sole,200,n,flatfish
sole,300,a,one
sorrel,100,n,plant
sorrel,200,n,horse
sound,100,"n,v",vibrations
sound,200,"a,r",reliable
sound,300,"v,n",measure
sound,700,n,channel
sow,100,v,bury
sow,200,n,pig
spade,100,"n,v",tool
spade,200,n,suit
span,100,"n,v",distance
span,200,"n,v",rope
span,500,a,clean
span,600,v,rotate
spell,100,v,write
spell,200,n,enchantment
spell,300,"n,v",period
spell,400,n,splinter
spike,100,"n,v",skewer
spike,200,n,flower cluster
spire,100,n,steeple
spire,200,n,spiral
spit,100,"v,n",eject
spit,200,"n,v",rod
spit,500,n,layer
spray,100,"n,v",shower
spray,200,n,branch
stable,100,a,firm
stable,200,"n,v",building
stake,100,"n,v",pole
stake,200,"n,v",wager
stale,100,"a,v",dry
stale,200,v,urinate
staple,100,"n,v",wire
staple,200,"n,a",main
stay,100,"v,n",remain
stay,200,"n,v",support
steep,100,"a,n",vertical
steep,200,v,soak
steer,100,"v,n",guide
steer,200,n,animal
stem,100,"n,v",body
stem,200,v,stop
stern,100,a,serious
stern,200,n,bottom
stick,100,n,wood
stick,200,v,thrust
stifle,100,v,prevent
stifle,200,n,joint
still,100,"a,n,r,v",undisturbed
still,500,n,apparatus
stoop,100,"v,n",bend
stoop,200,n,porch
storied,100,a,celebration
storied,200,a,with floors
story,100,n,account
story,200,n,level
strain,100,"v,n",stretch
strain,200,n,variety
strand,100,"v,n",abandon
strand,200,n,thread
strip,100,"v,n",remove
strip,200,n,ribbon
stunt,100,v,restrict
stunt,200,"n,v",trick
summer,100,"n,v",season
summer,200,n,support
swallow,100,"v,n",consume
swallow,200,n,songbird
tack,100,"n,v",nail
tack,200,n,equipment
tack,300,n,cheap
tag,100,"n,v",label
tag,200,"n,v",game
tail,100,"n,v",appendage
tail,200,n,limitation
tang,100,n,flavour
tang,200,"v,n",chime
tang,300,n,surgeonfish
tangle,100,"v,n",twist
tangle,200,n,seaweed
tap,100,"n,v",device
tap,200,"v,n",touch
tart,100,n,pastry
tart,200,"n,v",prostitute
tart,300,a,sour
tear,100,"v,n",rip
tear,200,"n,v",liquid
tee,200,"n,v",space
tee,300,n,shirt
temple,100,n,building
temple,200,n,head
temple,300,n,device
temporal,100,a,secular
temporal,200,a,on the head
tend,100,v,have a tendency
tend,200,v,care for
tender,100,a,delicate
tender,200,"v,n",offer
tender,300,n,attendant
tent,100,"n,v",shelter
tent,200,n,wine
tent,300,n,material
terrier,100,n,dog
terrier,200,n,inventory
tick,100,"n,v",mark
tick,200,n,arachnid
tick,300,n,pillow
tick,400,n,credit
tip,100,"n,v",point
tip,200,"v,n",overbalance
tip,300,"n,v",reward
tire,100,v,exhaust
tire,200,n,rubber
toast,100,"n,v",bread
toast,200,v,improvise
toll,100,"n,v",payment
toll,200,"v,n",chime
ton,100,"n,r",unit
ton,200,n,style
top,100,"n,a,v,r",uppermost
top,500,n,toy
tow,100,"v,n",pull
tow,200,n,fibres
trace,100,"v,n",discover
trace,200,n,straps
tract,100,n,area
tract,200,n,treatise
tract,300,n,anthem
trap,100,"n,v",device
trap,200,v,equip
trap,300,n,rock
trip,100,"v,n",stumble
trip,200,n,flock
truck,100,"n,v",vehicle
truck,200,"n,v",payment
utter,100,a,complete
utter,200,v,speak
vault,100,"n,v",room
vault,200,"v,n",leap
veer,100,"v,n",swerve
veer,200,v,loosen
vent,100,"n,v",outlet 
vent,200,n,garment slit
verge,100,"n,v",edge
verge,200,n,rod
verge,300,v,incline
vice,100,n,immorality
vice,300,n,tool
vice,400,n,status
wake,100,"v,n",alert
wake,200,n,trail
wax,100,"n,v",substance
wax,200,v,increase
wax,300,n,tantrum
wear,100,"v,n",have on
wear,200,v,turn
weave,100,"v,n",interlace
weave,200,v,twist
well,100,"r,a",good
well,200,"n,v",reservoir
will,100,v,future tense
will,200,"n,v",determination
wind,100,"n,v",air
wind,200,"v,n",twist
wise,100,"a,v",knowledgeable
wise,200,n,extent
wit,100,n,capacity
wit,200,v,specifically
wound,100,"n,v",injury
wound,200,v,twist
wrack,100,n,clouds
wrack,200,n,seaweed
wrack,300,n,clouds
wrack,400,n,wreckage
yard,100,n,unit
yard,200,"n,v",garden
